round,accuracy
1,0.8358333333333333
2,0.8841666666666667
3,0.8883333333333333
4,0.8991666666666667
5,0.9058333333333334
6,0.9083333333333333
7,0.915
8,0.91
9,0.9141666666666667
10,0.9141666666666667
