round,accuracy
1,0.8275
2,0.88
3,0.8875
4,0.9025
5,0.9083333333333333
6,0.91
7,0.9075
8,0.9133333333333333
9,0.9091666666666667
10,0.9133333333333333
