round,accuracy
1,0.8416666666666667
2,0.8933333333333333
3,0.8991666666666667
4,0.9041666666666667
5,0.9141666666666667
6,0.9133333333333333
7,0.9125
8,0.915
9,0.9183333333333333
10,0.9183333333333333
