round,accuracy
1,0.8133333333333334
2,0.8725
3,0.8783333333333333
4,0.8941666666666667
5,0.8983333333333333
6,0.9075
7,0.91
8,0.9116666666666666
9,0.9116666666666666
10,0.9091666666666667
