round,accuracy
1,0.8291666666666667
2,0.8775
3,0.8875
4,0.8883333333333333
5,0.895
6,0.9041666666666667
7,0.9008333333333334
8,0.9075
9,0.9025
10,0.905
